{"@BarackObama": {"#DoYourJob": 153, "#StopGunViolence": 23, "#MadeInAmerica": 12, "#TPP": 15, "#ActOnClimate": 298, "#Obamacare": 79, "#ReadySetEnroll": 9, "#MarchOn": 15, "#BooksForAll": 2, "#NationalPuppyDay": 1, "#FixOvertime": 16, "#GetCovered": 122, "#BetterCare": 2, "#LoveIsLove": 31, "#MyBrothersKee": 1, "#WearOrange": 8, "#ImmigrationAction": 70, "#44Turns54": 5, "#Orlando": 1, "#ObamaResponde": 1, "#NAACP106": 4, "#NationalPizzaDay": 1, "#SOTU": 125, "#SCOTUS": 46, "#AmeriCorps20": 8, "#Healthy2015": 5, "#VRA50": 4, "#SquadGoals": 1, "#StandWithWomen": 7, "#ACAWorks": 20, "#IranDeal": 59, "#FixTheSystem": 6, "#Selma50": 19, "#ClimateChangeIsReal": 3, "#SwitchToClean": 8, "#JonVoyage": 1, "#JoiningForces": 4, "#OurOcean": 2, "#AmericaLeads": 26, "#ObamaSummit": 1, "#NationalComingOutDay": 1, "#CollegeOpportunity": 19, "#RaiseTheWage": 40, "#OrlandoUnited": 1, "#ESSA": 2, "#CloseTheGap": 1, "#YesSheCan": 1, "#FindYourPark": 9, "#LeadOnLeave": 29, "#BuyNowSaveLater": 3, "#DoSomething": 15, "#Cybersecurity": 6, "#44": 1, "#UnitedOnClimate": 12, "#ConstitutionDay2016": 1, "#ActOnJobs": 6, "#KeystoneXL": 8, "#HealthCareCountdown": 3, "#GetReadyGetCovered": 3, "#WHCD": 5, "#HispanicHeritageMonth": 3, "#StayCovered": 6, "#DisarmHate": 11, "#NPS100": 1, "#climate": 2, "#ParisAgreement": 11, "#Valentines": 2, "#ValentinesDay": 1, "#StPatricksDay": 1, "#EqualPay": 6, "#ThisIsWhy": 4, "#NetNeutrality": 10, "#BestFansInTheWorld": 1, "#USWNTParade": 1, "#COP21": 6, "#YoEnroll": 1, "#WHCOA": 2, "#OFAFallSummit": 17, "#healthy2015": 1, "#3daysleft": 1, "#SocialSecurity": 1, "#SolarJobs": 1, "#Cuba": 2, "#LeadOnTrade": 37, "#ACA": 4, "#UNGA": 4, "#LatinaEqualPay": 1, "#JobsReport": 2, "#TBT": 6, "#ADA25": 3, "#MedalOfHonor": 2, "#WomenSucceed": 7, "#CGI2014": 2, "#911Anniversary": 1, "#AskPOTUS": 1, "#NeverForget": 1, "#4DaysLeft": 2, "#Kimmel": 1, "#ObamaOnKimmel": 1, "#LetGirlsLearn": 5, "#StateOfWomen": 1, "#2DaysLeft": 1, "#GetCove": 1, "#WrongThenWrongNow": 1, "#CyberSummit": 1, "#MyDecision": 1, "#Pride2016": 1, "#L": 1, "#RecoveryAct": 3, "#CleanEnergy": 2, "#NWHW": 1, "#SheBelieves": 4, "#overtime": 6, "#OFAction": 2, "#ItsOnUs": 17, "#CleanWaterRules": 5, "#WomensEqualityDay": 5, "#OnTheRecord": 5, "#WHFilmFest": 2, "#CriminalJusticeReform": 1, "#RoevWade": 1, "#WalkTheWalk": 1, "#Oscars": 2, "#ObamaTownHall": 7, "#BBKing": 1, "#Irma": 1, "#CyberMonday": 1, "#HappyHalloween": 4, "#EnoughAlready": 13, "#ObamaAK": 1, "#Alaska": 1, "#NoMoreGames": 2, "#LoveWins": 17, "#VeteransDay": 2, "#AskTheSurgeonGeneral": 1, "#DACAworks": 2, "#CleanPowerPlan": 3, "#WHScienceFair": 5, "#FirstDayofFall": 1, "#EqualPayDay": 8, "#RoshHashanah": 2, "#WestWingWeek": 1, "#AreYouCovered": 1, "#DallasMemorial": 1, "#PeaceCorpsWeek2016": 1, "#BetterWithObamacare": 8, "#EasterEggRoll": 4, "#ProfileInCourage": 2, "#LGBT": 1, "#Baracketology": 2, "#EarthDay": 5, "#HappyMothersDay": 1, "#AstronomyNight": 1, "#PiDay": 1, "#SCOTUSnominee": 5, "#POTUSonFallon": 3, "#Ma": 1, "#GettingThingsDone": 2, "#MerricksMerits": 3, "#YesWeTan": 1, "#44turns54": 1, "#With1010": 8, "#NationalDessertDay": 1, "#NationalIceCreamMonth": 1, "#Selma51": 1, "#DSCOVR": 1, "#StopTheDebtTrap": 2, "#CanILive": 2, "#ClimateChange": 1, "#CleanWaterRul": 1, "#Periscope": 1, "#GoodFriday": 1, "#RIPMuhammadAli": 1, "#GimmeFive": 4, "#MillionSolarStrong": 1, "#ConnectED": 4, "#DoYourJobFriday": 1, "#PeoplesClimate": 1, "#EqualPayNow": 5, "#Grammys": 2, "#MyBrothersKeeper": 2, "#PeopleOverPolitics": 2, "#MemorialDayWeekend": 1, "#Thanksgiving": 2, "#BetterBroadband": 4, "#OurOcean2015": 1, "#PopeInDC": 3, "#MonumentsMatter": 1, "#LaborDay": 3, "#CollegeSigningDay": 2, "#SXSW2016": 2, "#RuinAPixarMovie": 1, "#SB50": 1, "#MomDance": 1, "#FallonTonight": 2, "#OFAFellows": 3, "#GunsInAmerica": 2, "#CollegeScorecard": 1, "#ObamaAndKids": 1, "#NoBillNoBreak": 1, "#CleanWater": 4, "#ReadyS": 1, "#HappyThanksgiving": 2, "#WomenInSTEM": 1, "#NationalBestFriendsDay": 1, "#Dallas": 1, "#GunViolence": 1, "#ObamaFellows": 1, "#S": 1, "#LLAP": 1, "#TeamMac": 1, "#TeamCheese": 1, "#ThankATeacher": 4, "#TeamUSA": 2, "#YOLO": 1, "#FourthOfJuly": 1, "#StartTheConvo": 1, "#13thAmendment": 1, "#GetCoveredNow": 4, "#InvestInUs": 3, "#ImmigrantHeritageMonth": 1, "#MLKDay": 2, "#MemorialDay": 1, "#smallbiz": 1, "#SpotThe": 1, "#YouTubeAsksObama": 2, "#G7Summit": 1, "#UCCShooting": 2, "#SandyHook": 1, "#EndGunViolence": 2, "#Pro": 1, "#NCES8": 2, "#St": 1, "#Medicare": 2, "#Medicaid": 1, "#KeepingUSHealthy": 1, "#NationalCoffeeDay": 1, "#Wethebest": 1, "#ChampionDenier": 4, "#LoveisLove": 1, "#OFAdventure": 1, "#FlagDay": 1, "#HappyInternationalWomensDay": 1, "#YomKippur": 1, "#Katrina10": 2, "#OTD": 1, "#WomensHistoryMonth": 2, "#FF": 2, "#HappyHanukkah": 1, "#PovertySummit": 1, "#NationalParkWeek": 1, "#PublicHealthWeek": 1, "#LaudatoSi": 1, "#PlutoFlyby": 1, "#ClimateThanks": 1, "#FreeCommunityCollege": 2, "#OneDayIWill": 1, "#IWD2016": 1, "#HappyAnniversary": 2, "#HeForShe": 1, "#PutSolarOnIt": 1, "#Goalkeepers17": 1, "#MiddleClassTaxCuts": 1, "#BigBlockOfCheeseDay": 2, "#2015In5Words": 1, "#AVDLM": 1, "#askNASA": 1, "#VICEonHBO": 1, "#WorldAIDSDay": 1, "#FarewellAddress": 1, "#ObamaFarewell": 1, "#Brussels": 1, "#LoveYourPetDay": 1, "#CharlestonShooting": 1, "#Passover": 1, "#ScarierThanHalloween": 2, "#NationalRunningDay": 1, "#NationalHighFiveDay": 1, "#FundDHS": 2, "#OpportunityForAll": 1, "#WearingOrange": 1, "#11MillionAndCounting": 1, "#collegein5words": 1, "#ClimateAction": 1, "#ACAworks": 1, "#BlackHistoryMonth": 1, "#BetterMakeRoom": 1, "#Roe43": 1, "#eatbrighter": 1, "#NationalPetDay": 1, "#ConstitutionDay": 1, "#MBKRising": 1, "#SXSL": 1, "#ACAannivers": 1, "#OpeningDay": 1, "#ReachHigher": 1, "#Leadership": 1, "#InternationalWomensDay": 1, "#LetsMove": 1, "#TurnipForWhat": 1, "#AskTheFirstLady": 1, "#TD4W": 1, "#GoSolar": 1}, "@dpatil": {"#8": 1, "#ImStillHereBecause": 1, "#ACA": 3, "#TheResistance": 1, "#GOPtaxplan": 1, "#d4gx": 2, "#DataScience": 13, "#OpenData": 1, "#CAWaterDataChallenge": 3, "#TellMeSomethingGood": 1, "#MyData": 1, "#IamMedicaid": 1, "#Fact": 1, "#marchforscience": 2, "#sciencemarchsf": 1, "#ethics": 4, "#YesWeCan": 3, "#FieldsMedal": 1, "#VeteransDay": 1, "#DoD": 1, "#ParoNacional": 1, "#AllEyesOnPuertoRico": 1, "#StrataData": 1, "#disastertech": 1, "#smartcities": 1, "#smem": 1, "#prototype": 1, "#funding": 1, "#starbucksarrests": 1, "#AllOfUsResearch": 1, "#3WordActOfKindness": 1, "#GOES17": 1, "#GOESWest": 1, "#radiotherapy": 1, "#SOTU": 2, "#bot": 1, "#tenyearchallenge": 2, "#GivingTuesday": 4, "#Thanksgiving": 1, "#NationalDayofCivicHacking": 3, "#opendata": 10, "#waterwednesday": 1, "#openscience": 1, "#collaboration": 2, "#NationalWalkoutDay": 1, "#SantaFe": 1, "#AskingForAPatient": 1, "#CambridgeAnalytica": 2, "#netneutrality": 2, "#WorkLife": 1, "#1": 4, "#2": 1, "#DeepLearning": 1, "#basketball": 1, "#DataEthics": 5, "#dataethics": 2, "#MAAthFest": 2, "#CSforAll": 1, "#Norway": 1, "#Arctic": 1, "#AI": 4, "#GHC18": 1, "#TakeAKnee": 2, "#RussianAds": 1, "#datascientist": 1, "#NDoCH": 1, "#healthtech": 1, "#USArmy": 1, "#comm": 1, "#healthcare": 1, "#scientists": 1, "#ThanksObama": 2, "#Power": 1, "#Medicaid": 1, "#mustlisten": 1, "#VoteWithMe": 1, "#lungcancer": 1, "#artisandata": 1, "#smh": 1, "#data": 3, "#MikeLoukides": 1, "#CancerMoonshot": 1, "#WorldMentalHealthDay": 1, "#marchforourlives": 2, "#datascience": 4, "#Ethics": 2, "#Data": 2, "#SVCC": 2, "#womensmarchOAK": 1, "#inspiration": 1, "#NeverAgain": 3, "#MarchForOurLives": 2, "#winning": 1, "#infrastructure": 1, "#Cybersecurity": 1, "#InternationalWomenDay2018": 1, "#CfASummit": 3, "#paloaltopr": 1, "#MADSCONF": 1, "#JusticeAtScale": 1, "#TeacherAppreciationDay": 1, "#EmeliaHolden": 1, "#YesSheCan": 1, "#NetGalley": 1, "#ggplot2": 1, "#rstats": 2, "#MondayMotivation": 1, "#NationalSchoolWalkout": 2, "#NDoCHOak2018": 1, "#immigration": 1, "#border": 1, "#PresidentsDay2018": 1, "#GDPR": 2, "#FOIA": 1, "#math": 2, "#DataDrivenJustice": 1, "#44": 2, "#Oaktown": 1, "#datapeeps": 1, "#Terps": 1, "#UcBerkeley": 1, "#WiDSDatathon": 1, "#nature": 1, "#SundayMorning": 1, "#October1st": 1, "#patientdata": 1, "#nationalschoolwalkout": 1, "#MarchforScience": 1, "#Vote": 1, "#SrinivasKuchibhotla": 1, "#ProtectConsumers": 1, "#Oorah": 1, "#MLKDay": 1, "#OpenEnrollment": 1, "#GetCovered": 3, "#APCD": 1, "#DayoftheGirl": 1, "#GlobalGirlsAlliance": 1, "#ORDcamp": 2, "#iloveWikipedia": 1, "#transgen": 1, "#NaomiWadler": 1, "#WMLA2018": 1, "#WomensMarch2018": 1, "#Respect": 1, "#NeverForget": 1, "#D4GX": 5, "#DataEthicsOath": 1, "#WiDS2018": 1, "#SkirballFire": 1, "#STEM": 1, "#ORDCamp": 3, "#NOLA": 1, "#DearMadamPres": 1, "#organtransplant": 1, "#justdoit": 1, "#Mali": 1, "#Mediterranean": 1, "#Italy": 1, "#machineLearning": 1, "#LasVegasShooting": 1, "#lightning": 1, "#thunder": 1, "#DataResponsibility": 1, "#joebiden": 1, "#PersonalResponbility": 1, "#10yearchallenge": 1, "#34yearchallenge": 1, "#HandsOffMyBC": 1, "#Mars": 1, "#ProtectTransTroops": 1, "#FunFactFriday": 1, "#geeksforhumanity": 1, "#JoinAllofUs": 1, "#CommuntiyCollege": 1, "#AccessToEducation": 1, "#Princeton": 1, "#PU2022": 1, "#iAmLAstrong": 1, "#thefifthrisk": 1, "#SyntheticRepeal": 1, "#NorthBayFires": 1, "#BearFire": 1, "#CenteringC": 1, "#deeplearning": 1, "#WomenInSTEM": 1, "#privacy": 1, "#BodyWorldsDecoded": 1, "#chaos": 1, "#HacktheMarines": 1, "#DearMadamPresident": 2, "#O": 1, "#civictech": 1, "#d4d": 2, "#NationalSTEMDay": 1, "#iot": 1, "#GOPTaxScam": 1, "#InternationalVolunteerDay": 1, "#GOPTaxPlan": 1, "#byudevo": 1, "#SchoohouseRock": 1, "#philly": 1, "#NetNeutrality": 1, "#BYU": 1, "#wildfire": 1, "#California": 1, "#ordcamp": 1, "#HiddenSignals": 1, "#Ethi": 1, "#PuertoRico": 2, "#UnitedStateOfWomen": 1, "#CHIP": 2, "#Lungcancer": 1, "#ArmMeWith": 1, "#neveragainmovement": 1, "#neveragain": 1, "#MSDStrong": 1, "#stem": 1, "#Enoug": 1, "#cfa": 1, "#CambridgeAnalyticaFiles": 1, "#trolls": 1, "#interoperability": 1, "#FHIR": 1, "#askDJ": 1, "#ConstitutionDay": 1, "#GeneEditSummit": 1, "#Today": 1, "#Sync4Science": 1, "#Dataethics": 1, "#FlintWaterCrisis": 1, "#RobertSiegel": 1, "#ShutdownStories": 1, "#MillionVeteranProgram": 1, "#spectre": 1, "#mel": 1, "#climate": 1, "#DYK": 1, "#287": 1, "#USA": 1, "#Opendataday": 1, "#ODSC": 1, "#scic": 1, "#referrals": 1, "#transitions": 1, "#enough": 1, "#Errors": 1, "#TypeI": 1, "#TypeII": 1, "#Prediction": 1, "#ML": 1, "#Supervised": 1, "#Classification": 1, "#GetUSCovered": 1, "#twosacrowd": 1, "#therealmccoys": 1, "#m": 1}, "@realDonaldTrump": {"#Florence": 17, "#Michael": 6, "#S2155": 1, "#AmericanPatientsFirst": 2, "#G7Summit": 3, "#ServiceMembers": 1, "#ActiveDuty": 1, "#HurricaneFlorence": 10, "#HurricaneLane": 3, "#MLKDay": 2, "#MAGA": 62, "#Beirut": 1, "#Marines": 1, "#sailors": 1, "#sol": 1, "#IACP2018": 4, "#LESM": 2, "#RightToTry": 4, "#Hu": 1, "#JobsNotMobs": 9, "#1": 8, "#FlagDay": 1, "#NDSen": 1, "#Truth": 1, "#3": 1, "#FirstStepAct": 2, "#FlorenceNC": 2, "#HurricaneMichael": 10, "#FloridaFirst": 1, "#FLNGAlwaysThere": 1, "#FortifyFL": 1, "#MAGARally": 17, "#StopTheBias": 2, "#YBLS2018": 1, "#FakeNews": 4, "#NeverForget": 4, "#NATO2018": 1, "#SCOTUS": 4, "#HolocaustMemorialDay": 1, "#UNGA": 7, "#Remembering41": 1, "#Virginia": 1, "#LaborDay": 2, "#VFWConvention": 3, "#DrainTheSwamp": 1, "#NationalFarmersDay": 1, "#USMCA": 2, "#itsa": 1, "#NY22": 2, "#CenturyOfService": 1, "#FloodSafety": 1, "#HurricaneFloren": 1, "#2020TAKEBACKTHEHOUSE": 1, "#ICYMI": 1, "#ConfirmGina": 1, "#ProudDeplorable": 1, "#MakeAWish": 1, "#ElPaso": 1, "#GodBlessAmerica": 1, "#PresidentTrump": 1, "#ElectionDay": 1, "#G20Summit": 2, "#LambTheSham": 1, "#HELSINKI2018": 3, "#FBI": 1, "#ArmedForcesDay": 1, "#SecureOurBorder": 1, "#SBAGala": 1, "#USCG": 1, "#hurricaneFlorence": 1, "#SOTU": 5, "#2020": 1, "#MedalOfHonor": 1, "#Santa": 1, "#SchumerShutdown": 2, "#Troublemakers": 1, "#NCTL2018": 1, "#NationalDayOfPrayer": 2, "#NATOSummit2018": 2, "#MadeInAmerica": 1, "#NorthCarolina": 1, "#DPRK": 1, "#TRUMPONOMICS": 1, "#SC": 1, "#hurricane": 1, "#September11th": 3, "#SPYGATE": 2, "#Pets": 1, "#soldiers": 1, "#IngrahamAngle": 1, "#PurpleHeartDay": 1, "#Guard382": 1, "#Finland": 1, "#helsinki2018": 1, "#TrumpTime": 1, "#PerkinsCTE": 1, "#Jobs": 1, "#Workforce": 1, "#Hurricane": 2, "#JOBSNOTMOBS": 2, "#Laurel": 1, "#Yanny": 1, "#243NavyBday": 1, "#FarmBill": 1, "#SCGuard": 1, "#VAMissionAct": 1, "#SingaporeSummit": 2, "#ArmyNavyGame": 2, "#CHANGETHELAWS": 1, "#GOESEast": 1, "#AFBF100": 1, "#Walkaway": 1, "#Emmys": 1, "#TBT": 1, "#MakeAmericaGreatAgain": 1, "#TakeBackDay": 1, "#SundayFutures": 1, "#MemorialDay": 2, "#TaxCutsandJobsAct": 1, "#NFIB75": 1, "#Gordon": 1, "#AbolishICE": 1, "#shutdown": 1, "#TrumpRally": 1, "#RedWave": 1, "#WGDP": 1, "#TrumpDerangementSyndrome": 1, "#PrisonReform": 1, "#40YearsofFailure": 1, "#CajunNavy": 1, "#FlorenceHurricane2018": 1, "#journalists": 1, "#takebackday": 1, "#AmericaFirst": 1, "#NATOS": 1, "#RIPEvelyn": 1, "#500Days": 1, "#FieldDay": 1, "#Broward": 1, "#G7Charlevoix": 1, "#IRFMinisterial": 1, "#ReligiousFreedom": 1, "#DDay": 1, "#StateDinner2018": 1, "#EnterSandman": 1, "#HOF2019": 1, "#USEmbassyJerusalem": 1, "#PeaceOfficersMemorialDay": 1, "#SpecialCounsel": 1, "#PledgeToAmericasWorkers": 1, "#ColumbusDay": 1, "#TrumpUKVisit": 1}, "@dog_rates": {"#partner": 7, "#seniorpupsaturday": 1, "#SeniorPupSaturday": 18, "#ad": 5, "#TPDogDay": 3, "#NationalDogDay": 1, "#Remembering41": 1, "#Entry": 1, "#sponsored": 1, "#NewProfilePic": 3, "#heckcancer": 8, "#VWeek": 1, "#BeAVoter": 1, "#RateMyFamiliar": 1, "#Halloween": 1}, "@GonzalezSarahA": {"#DACA": 4, "#Dreamers": 1, "#NJDecides": 40, "#CaughtPodcast": 2, "#PrideNYC": 1, "#1": 4, "#E": 1, "#sleepdata": 1, "#cjreform": 2, "#knightCUNY": 1, "#postitwars": 1, "#cafecito": 1, "#NABJNAHJ16": 18, "#Avonte": 2, "#RadioTalksDem": 16, "#DemDebate": 12, "#education": 2, "#vt": 1, "#realestate": 1, "#NY13": 12, "#NJVoteSelfie": 1, "#NJCVoteSelfie": 1, "#BORDERFACT": 1, "#305": 1, "#Debate": 2, "#TrackingChristie": 9, "#pubmedia": 2, "#bridgegate": 23, "#BackToSchoolNYC": 5, "#NJSen": 41, "#toxicnj": 12, "#njdecides": 7, "#NABJN": 1, "#Brexit": 1, "#GentrificationNation": 9, "#Harlemheatproject": 1, "#dronies": 2, "#ElectionNight": 4, "#wnycdesign": 2, "#ChristieTracker": 3, "#Christie2016": 1, "#CommanderInChiefForum": 1, "#ferguson": 1, "#data": 1, "#brasil": 1, "#SanDiego": 2, "#TheSeasonPodcast": 3, "#NPRStudentPodcast": 1, "#VPDebate": 3, "#christietracker": 14, "#Hoboken": 5, "#MeToo": 4, "#NJGov": 5, "#bridgegatereport": 1, "#Debates2016": 8, "#stateimpactforlife": 1, "#njdebate": 5, "#kerabreakthroughs": 1, "#SolarEclipse": 1, "#ElectionDay": 3, "#NJSenate": 1, "#NJdecides": 3, "#gopublic": 1, "#playbooklunch": 1, "#NJ": 1, "#BlackLivesMatter": 2, "#trump": 1, "#RadioTalksGOP": 11, "#VoiceSave": 3, "#Voting": 1, "#votingblockNJ": 1, "#DIY": 1, "#arduino": 1, "#sensorjournalism": 1, "#latinovote": 1, "#NJGovDebate": 1, "#Bridgegate": 18, "#Chelsea": 2, "#Danny": 1, "#RepresentationMatters": 1, "#NPRBroadway": 1, "#NPRPresents": 1, "#MargeRoukema": 1, "#debate": 5, "#YSLTF": 5, "#NYCBlizzard": 3, "#toxicNJ": 1, "#F\u00fatbolSoccer": 1, "#abortion": 1, "#Civilrights": 1, "#BruceTheDebate": 1, "#SolitaryConfinement": 1, "#Newark": 3, "#reporter": 1, "#FindingNewYorkTacos": 1, "#GWB": 3, "#BacktoSchoolNYC": 1, "#workbae": 2, "#Christie": 1, "#oscars": 1, "#NJsen": 1, "#NYPrimary": 1, "#Sandy": 4, "#NJDreamAct": 1, "#NJTutitionEq": 1, "#reportingtrip": 2, "#NJDec": 2, "#WerkItPodcasters": 1, "#backtoschoolnyc": 1, "#TownHallTracker": 2, "#HarlemHeatProject": 3, "#BringBackOurGirls": 1, "#sagawards": 1, "#girlpower": 1, "#ONA13": 1, "#SaveNYC": 1, "#FictionOpensMinds": 1, "#HackYourLunch": 1, "#NJDebate": 6, "#NowWeKnow": 1, "#mediadiscrimination": 1, "#PlaybookLunch": 3, "#RaviRagbir": 1, "#NYC": 2, "#njvoterselfie": 1, "#njsenate": 1, "#ebola": 1, "#quarant": 1, "#MexicoVsBrasil": 3, "#tottenville": 1, "#WeTheCommuters": 1, "#muckreads": 1, "#NABJNAHJ": 1, "#wolves": 1, "#CoryBooker": 1, "#shutdown": 1, "#Unlocked": 1, "#howtosurviveinNYC": 1, "#journalistperks": 1, "#NYCPrimary": 2, "#trackingChristie": 2, "#ToxicNJ": 1, "#Caught": 1, "#juvenilejustice": 1, "#NuevaJersey": 1, "#matrimoniosigualitarios": 1, "#2": 3, "#RadioTalksRace": 1, "#GOPDebate": 1, "#PuertoRico": 3, "#WorldCup2018": 2, "#DemDabate": 2, "#NJDecid": 1, "#goteam": 1, "#gardenstate": 1, "#Fast4Families": 1, "#InternationalDayofPeace": 1, "#NewYorkValues": 1, "#LatinosBreakTheMold": 1, "#lovethyneighbor": 1, "#subwaytherapy": 1, "#iamstillwithher": 1, "#notmypreside": 1, "#ABC7NYSnow": 1, "#LtGovDebate": 1, "#NJpolitics": 1, "#ChrisChris": 1, "#SOTC": 1, "#NYCschools": 1, "#teamPATH": 1, "#NGLpubmedia": 1, "#Election2016": 2, "#DonaldTrump": 1, "#SitRoom": 1, "#ElectionDa": 1, "#FF": 1, "#BridgegateHearing": 3, "#NGLPubMedia": 1, "#bridgeate": 1, "#NAHJNABJ16": 1, "#GWBridge": 1, "#werkitfe": 1, "#mnr": 1, "#derailment": 1, "#WorldCup": 2, "#Mexico": 2, "#SubwayTherapy": 1, "#Garifuna": 1, "#driveway": 1, "#internationalwomensday": 1, "#schoolmoney": 4, "#KnightCUNY": 1, "#poverty": 1, "#LivingCancer": 1, "#NaeNae": 1, "#implicitbias": 1, "#LochteGate": 1, "#harlemheatproject": 1, "#FutbolSoccer": 1, "#Copa100": 1, "#being12": 1, "#Vimeo": 1, "#alarcon": 1, "#ambulante": 1, "#radio": 1, "#transom": 1, "#n": 1, "#history": 1, "#parisattacks": 1, "#Banksy": 1, "#Bridgeg": 1, "#Students": 1, "#Teachers": 1, "#School": 1, "#NJTransit": 1, "#SuperBowl2014": 1, "#DNCinPHL": 1, "#studentloans": 1, "#flashbackfriday": 1, "#CNNDebate": 1, "#Borderland": 2, "#newarkwat": 1, "#NYCDOE": 1, "#greatnj": 1, "#AskTheMayor": 1, "#COPA100": 1, "#njsen": 3, "#w": 1, "#superbowl": 1, "#hoboken": 1, "#jersey": 1, "#IVoted": 1, "#proudsister": 1, "#WeMakeNPRTogether": 2, "#DNCinPhilly": 1, "#NewarkRiots": 1, "#BX": 1, "#CopaAmerica": 3, "#GenrificationNation": 1, "#ny13": 1, "#racial": 1, "#highbrowsubtweet": 1, "#DayWithoutAWoman": 1, "#SOTS": 1, "#ObamaFarewell": 1, "#35": 1, "#5": 1, "#caughtpodcast": 1, "#ParisAttacks": 1, "#DC": 1, "#theseasonpodcast": 2, "#Honduras": 1, "#SchoolMoney": 2, "#MottHavenSpeaks": 1, "#Hypothesis": 2, "#Ferguson": 3, "#FergusonDecision": 1, "#RNCinCLE": 1, "#goals": 1, "#Internat": 1, "#IKnewHerWhen": 1, "#electionday": 1, "#NextGenNYCHA": 1, "#blizz": 1, "#NuevaYork": 1, "#JuntosporelDerechoalaIdentidad": 1, "#NABJNAH": 1, "#CostOfWater": 1, "#BREAKING": 1, "#thetwolees": 1, "#Vote2016": 1, "#s": 1, "#RadioTalksD": 1, "#ISupportWNYC": 1, "#Beauty": 1, "#NationalVoterRegistrationDay": 1, "#Moonlight": 1, "#SAGawards": 1, "#StillThinkingAbout": 1, "#MEX": 1, "#NED": 1, "#GoldenGlobes2018": 1, "#audiostorytelli": 1, "#ChrsitieTracker": 1, "#txwater": 1, "#NotYourStockWoman": 1, "#IowaCaucus": 2, "#Gonzalez": 1, "#ICantBreathe": 1, "#HandsUpDontShoot": 1, "#publicradio": 1, "#radiotalksdem": 1, "#50GreatTeachers": 1, "#proud": 1, "#MyNYPD": 1, "#climatechange": 1, "#Exxon": 1, "#EricGarner": 2, "#StatenIsland": 1, "#wcw": 1, "#WomanCrushWednesday": 1, "#ThinkPublicMedia": 1, "#619": 1, "#SocialSecurity": 2, "#njenviro": 1, "#NJDreamA": 1, "#ReformaMigratoria": 1, "#fast4families": 1, "#FreeTheKnee": 1, "#Inauguration": 1, "#DayOne": 1, "#ObamaOut": 1, "#brucethedebate": 1, "#tbt": 1, "#badhombres": 1, "#debatenight": 2, "#RadioDebate": 1, "#soccer": 2, "#Murrow": 1, "#voted": 1, "#Obamacare": 1, "#kidscount": 1, "#racematters": 1, "#Rikers": 1, "#Indivis": 1, "#miamipride": 1, "#Latinos": 1, "#f\u00fatbol": 1, "#njpolitics": 1, "#refugee": 1, "#Cuba": 1, "#BridgegateReport": 1, "#homeless": 1, "#AvonteOquendo": 1, "#SOTU": 1, "#STFU": 1, "#comedy": 1, "#dominos": 1, "#frutas": 1, "#chamoy": 1, "#Drones": 1, "#Legal": 1, "#flying": 1, "#DronesForGood": 1, "#Amazon": 1, "#harlemheat": 1, "#heat": 1, "#Harlem": 1, "#environmentaljustice": 1, "#edchat": 1, "#sschat": 1, "#El": 1, "#CNNSOTU": 1, "#11": 1, "#Being12": 1, "#nprbo": 1, "#probablygoingtocallmyex": 1, "#morefeelsthandrake": 1, "#NPR": 1, "#BL": 1, "#PRNDI17": 1, "#FindingNewYork": 1, "#bridgegat": 1, "#Uber": 1, "#Russia": 1, "#Bodega": 1, "#Gratitude": 1, "#PrimaryDay": 1, "#Home": 1, "#nyc": 1, "#earlyed": 1, "#teamradio": 1, "#TRussiaDaily": 1, "#NYCVotes": 1, "#Oakland": 1, "#Podcast": 1, "#CultureWars": 1, "#usofanxiety": 1, "#BanIslam": 1, "#DeportThemAll": 1, "#NationalRadioDay": 1, "#micropolis": 1, "#debates2016": 1}, "@AOC": {"#StopKavanaugh": 4, "#socialismo": 1, "#weready": 1, "#data": 1, "#2": 1, "#LefrakCity": 1, "#GreenNewDeal": 66, "#abolishICE": 7, "#Sundance": 1, "#KnockDowntheHouse": 1, "#MLKNow": 3, "#queenspride": 1, "#loveislove": 2, "#LatinasThinkBig": 1, "#VotoLati": 1, "#ElectionDay": 2, "#ElBronx": 1, "#AbolishICE": 12, "#SOTU": 4, "#PAYGO": 3, "#QueensforOcasio": 1, "#PaycheckFairness": 1, "#PrideMonth": 2, "#LoveisLove": 3, "#PuertoRico": 3, "#MedicareForAll": 9, "#Womens": 1, "#HR1": 5, "#peopleshouse": 1, "#ShirleyChisholm": 1, "#UnboughtUnbossed": 1, "#SistersinService": 1, "#Boricua": 1, "#ThisIsWhatDemocracyLooksLike": 1, "#CancelStudentDebt": 1, "#WeRemember": 3, "#tentcity": 1, "#WheresMitch": 8, "#NY14": 11, "#Solidarity": 1, "#WNY": 1, "#solidarity": 1, "#VoteOcasioCortez": 1, "#CNNSOTU": 1, "#WithYou": 1, "#LightOverDark": 1, "#PowerToThePolls": 1, "#inners": 1, "#Clima": 1, "#KavanaughVote": 1, "#OneFairWage": 2, "#Sun": 1, "#Prog": 1, "#Flint": 2, "#OverdoseAwarenessDay": 1, "#BlueWave": 1, "#CutOnTuesdays": 1, "#GOTV": 4, "#Elmhurst": 1, "#Queens": 5, "#PrimaryDay": 1, "#Bronx": 3, "#MVMTSchool": 1, "#ShowMeWhatDemocracyLooksLike": 1, "#ChangeCantWait": 2, "#NE02": 1, "#NY4theMany": 1, "#MLK": 1, "#HolocaustMemorialDay": 1, "#MuslimBan": 1, "#N": 1, "#Vote": 1, "#Vets4Ocasio": 1, "#Midterms2018": 1, "#FightForAloha": 2, "#NewYorkPrimaryElections": 1, "#AbdulForMichigan": 1, "#PeoplesSOTU": 1, "#LSSC": 1, "#StateOfTheUnion": 2, "#AllStars4": 1, "#BXStandUp": 1, "#HurricaneMaria": 1, "#mlknow": 1, "#factcheck": 1, "#VornadoRealty": 1, "#ToysRUs": 1, "#PelhamParkway": 1, "#TeamBiaggi": 1, "#1YearAfterMaria": 2, "#JustTransition": 1, "#StudentDebt": 1, "#WheresMitc": 1, "#CourageToChange": 4, "#JusticeForMo": 1, "#LegalizeIt": 1, "#AOC": 1, "#officelottery": 1, "#KavanaughHearings": 2, "#Not1Dollar": 1, "#lgbtq": 1, "#jacksonheights": 1, "#nyc": 1, "#LGA": 1, "#EndGu": 1, "#CancelKavanaugh": 4, "#SaveTPS": 1, "#RamadanKareem": 1, "#PuraPol\u00edtica": 2, "#DoneWaiting": 2, "#MeThree": 1, "#FamilySeparation": 1, "#ResistAndWin": 1, "#veterans": 2, "#asylum": 1, "#prisonstrike": 1, "#CancelKavanauagh": 1, "#grassroots": 1, "#thebronx": 1, "#ocasio2018": 1, "#alexandriaocasiocortez": 1, "#SeeYouInCourt": 1, "#FakeTrumpEmergency": 2, "#SaheedVassell": 1, "#NationalEmergency": 1, "#mapoli": 1, "#ma7": 1, "#electwomen": 1, "#electi": 1, "#NationalComingOutDay": 1, "#LoveIsLove": 1, "#BRONX": 1, "#womenincongress": 1, "#diversity": 1, "#TurnoutTuesday": 1, "#GoodTrouble": 1, "#OneOfUs": 1, "#aocxdsala": 1, "#QueensPride": 5, "#LivingWage": 1, "#InvestInLibraries": 1, "#P": 1, "#CLOSErikers": 1, "#GAGov": 1, "#WeDayUN": 1, "#UNGA": 1, "#BoricuasRemember": 1, "#JusticeForAll": 1, "#KimmelinBrooklyn": 1, "#not1dollar": 1, "#TheLastWeekend": 1, "#1u": 1, "#BikeQNS": 1, "#BelieveSurvivors": 2, "#VamosRamos": 1, "#CallMeRadical": 1, "#PuertoRicoSeLevanta": 1, "#GOPTaxScam": 1, "#s": 1, "#Ocasio2018": 4, "#kthalpShow": 1, "#NY": 1, "#ICYMI": 1, "#NC9": 1, "#RoshHashanah": 1, "#newgreendeal": 1, "#1YearAfterMar": 1, "#CyntoiaBrown": 1, "#whywecanvass": 1, "#JustTransi": 1, "#cityislandindivisible": 1, "#BTS": 1, "#NYC": 1, "#goodtrouble": 1, "#TheIndypendent": 1, "#WV": 1, "#PR": 1, "#ElValorparaCambiar": 1, "#Unadelasnuestras": 1, "#ScotusPick": 1, "#Juneteenth": 1, "#d": 1, "#climatechange": 1, "#Gr": 1, "#PROMESA": 2, "#AbolishIce": 1, "#IftarintheCity2018": 1, "#TPS": 1, "#MeToo": 1, "#WomensMarch2019": 1, "#cleanair": 1, "#EidMubarak": 2, "#EidAlAdha": 1, "#4645": 1, "#ShineTheory": 1, "#KeepFamilesTogether": 1, "#FightforAloha": 1, "#OurPowerPRnyc": 1, "#NotoDisasterCapitalism": 1, "#FreePablo": 1, "#BringItHome": 1, "#MyFavoriteThingAboutThe90s": 1, "#wef19": 1, "#WhateverItTakes": 1, "#SealTheDeal": 1, "#VoteForOurLives": 1, "#CouragetoChange": 1, "#nerdalert": 1, "#PayThePeople": 1, "#sotu": 1, "#ImproveAnythingIn3Words": 1, "#EidAlFitr": 1, "#6": 1, "#GreenNe": 1, "#Medicar": 1, "#ToneDeaf": 1, "#earlyvoting": 1, "#DC": 1, "#VOTE": 1, "#biaggi4ny": 1, "#GetOutTheVote": 1, "#shutdown": 1, "#FamilesBelongTogether": 1, "#PrisonStrike2018": 1, "#TheIndype": 1, "#NN18": 1, "#PatriarchyInAction": 1, "#NY1": 1}, "@sarahjeong": {"#VoxUnion": 1, "#COMOatScale": 1, "#openaccess": 1, "#WaymoUber": 2, "#MeToo": 4, "#SCOTUS": 3, "#law": 1, "#TrumpTown": 1, "#2": 1, "#UberWaymo": 2, "#DIY": 1, "#DIYideas": 1, "#DoItYourself": 1, "#projectoftheday": 1, "#WeekendPlans": 1, "#ideas": 1, "#switter": 1, "#tbt": 1, "#longread": 1, "#WhatDoYouThink": 1, "#Oregonians": 1, "#GDPR": 1, "#OccupyICEPDX": 1, "#IndependenceDay": 1, "#netneutrality": 1, "#SinceParkland": 1, "#vergecast": 1, "#NetNeutrality": 1, "#BDS": 1, "#APIF": 1, "#talkpay": 1, "#AbrahamLincoln": 1, "#womensart": 1, "#AppellateTwitter": 1, "#1": 2, "#dontwanttoforgetaboutthemuffins": 1, "#jobs": 1, "#InternationalWomensDay": 1}, "@smithmegan": {"#6MonthsSinceWomensMarch": 1, "#TED2017": 7, "#EdTech": 2, "#RiseOfRest": 10, "#entrepreneurs": 1, "#AmericaIsHiring": 8, "#WTM": 2, "#MFGDay15": 2, "#HRCNationalDinner": 2, "#TechHire": 2, "#OTD": 1, "#Findt": 1, "#UNGA": 4, "#UNGA72": 1, "#Peace": 1, "#EqualPayNOW": 1, "#GenderPayGap": 1, "#AskForM": 1, "#POTUS": 1, "#inauguration": 1, "#SolutionsSummit": 6, "#sdglive": 1, "#AIHN": 1, "#IBM": 1, "#AI": 4, "#CharacterUncovered": 1, "#GHC17": 8, "#mitnano": 1, "#GlobalGoals": 2, "#UnreasonableGoals": 2, "#classof2017": 1, "#HerioicEngineering": 1, "#SF": 1, "#AMERICAISHIRING": 9, "#Divers": 1, "#DREAMers": 1, "#unreasonablegoals": 2, "#Malala": 3, "#MalalaDay": 3, "#MalalaFund": 8, "#iamMalala": 1, "#IAmMalala": 2, "#Vote": 2, "#EqualityDay": 2, "#ProtectTransKids": 1, "#AlbertEinstein": 1, "#HiddenFigures": 17, "#Feynman": 1, "#Scout": 1, "#Apple": 1, "#FIRSTChampLIVE": 1, "#Detroit": 2, "#WomenTechmakers": 2, "#TIMESUP": 2, "#WomensMarch": 4, "#candelighting": 2, "#suffragists": 2, "#VotesforWomen": 1, "#BelmontPaul": 3, "#Oscars": 5, "#InclusionRider": 1, "#STEM": 8, "#AMERICAISHIR": 1, "#Hokuleahomecoming": 1, "#MalamaHonua": 5, "#ImageAwards": 1, "#FindTheSentiments": 6, "#HackForChange": 2, "#SolarEclipse2017": 1, "#GraceHopper": 3, "#galaxyofwomen": 3, "#FutureOfAI": 1, "#Cortana": 1, "#MarchForScience": 1, "#CSforAll": 6, "#AmericaI": 1, "#Indy": 3, "#DataDrivenJustice": 4, "#americaishiring": 6, "#Obama": 1, "#ObamaInKenya": 1, "#womenintech": 3, "#googler": 1, "#advocate": 1, "#UN": 1, "#IWD2014": 2, "#ABIEAward": 1, "#NetNeutrality": 5, "#AMER": 1, "#RepresentationMatters": 1, "#C": 1, "#MAKERS2014": 2, "#OscarNoms2017": 1, "#SDGs": 9, "#Innovation": 2, "#ThankATeacher": 1, "#Earthday": 1, "#Thanksgiving": 1, "#MillieDresselhaus": 3, "#MAKERS": 3, "#AdaLovelace": 1, "#Collaborative": 1, "#Creative": 1, "#Impact": 1, "#Diverse": 1, "#PublicService": 1, "#PeopleFirst": 1, "#Teamwork": 1, "#Data": 1, "#USA": 2, "#riseoftherest": 1, "#startupCBUS": 1, "#CSEdWeek": 4, "#CSEdWeek2017photos": 1, "#Ho": 1, "#BlackLivesMatter": 1, "#ghc18": 1, "#Collab": 1, "#GoogleDoodle": 1, "#HerVoiceIsMyVoice": 1, "#IWD20": 1, "#DYK": 1, "#BlackHistoryMonth": 1, "#Resistance": 1, "#ghc16": 1, "#celebrate": 1, "#diversityintech": 1, "#solveforx": 1, "#AdaLovelaceDay": 1, "#HeroicEng": 1, "#GHC18": 2, "#SDGlive": 1, "#M": 2, "#BringBackOurGirls": 1, "#Gaza": 1, "#EndFGM": 1, "#EndChildMarriage": 1, "#GirlSummit": 1, "#ROTRSu": 1, "#3billiononline": 1, "#NYC": 1, "#AMERICA": 1, "#ParisAgreement": 3, "#ClimateChange": 1, "#ActO": 1, "#Atlanta": 2, "#sftech": 1, "#Space": 2, "#GalaxyofWo": 1, "#September11th": 1, "#hackforchange": 2, "#MITCPW": 1, "#MIT2022": 1, "#dctech": 1, "#Triangle": 1, "#csforallsummit": 1, "#csforall": 1, "#HubOfHope": 1, "#womensmarch": 2, "#YesWeCan": 2, "#AME": 2, "#empathy": 1, "#nfs2018": 1, "#hiremorewomen": 1, "#MLK": 1, "#MOW50": 1, "#InclusionCrisis": 1, "#CityofKindness": 1, "#USCM20": 1, "#InvictusGames": 1, "#GoogleManifesto": 1, "#DayoftheGirl": 1, "#g4c17": 1, "#TopCos": 1, "#hackers": 1, "#Hackathon": 1, "#DayOfTheGirl": 1, "#GirlHero": 1, "#whoruntheworld": 1, "#Girls": 1, "#GirlPower": 1, "#PatriceBank": 1, "#ElvisPresley": 1, "#findyourpark": 1, "#ThursdayTho": 1, "#EbolaResponse": 1, "#ViterbiGAPP": 3, "#uscgrad": 2, "#Entrepreneurs": 1, "#CreativeConfidence": 1, "#hackfostercare": 1, "#SolarEclipse": 1, "#WITBragDay": 1, "#Repost": 1, "#dbcs": 1, "#techjobstour": 3, "#techmumsTV": 1, "#blogging": 1, "#vlogging": 1, "#campa": 1, "#ILookLikeAnEngineer": 3, "#YearInSpace": 2, "#SCOTUS": 1, "#marriageequality": 1, "#Equa": 1, "#OneAmerica": 1, "#TBT": 1, "#GenderEquality": 1, "#GettingTo5050": 1, "#MariaMontessori": 1, "#Montessori": 1, "#USCM2016": 4, "#Cheyenne": 1, "#MalamaH": 1, "#cel": 1, "#LostHistory": 1, "#WomenInTech": 2, "#ghc17": 1, "#HeroicEngineering": 1, "#Hokulea": 4, "#KatherineJohnson": 1, "#AmericaIsHIring": 1, "#Oktane17": 2, "#DigitalGov": 1, "#identity": 1, "#candlelight": 3, "#missed": 3, "#InEffortThereIsJoy": 2, "#genderequali": 1, "#InternationalWomensDay": 3, "#WhyIsn": 1, "#CSforALL": 3, "#in": 1, "#emTechMIT": 1, "#SFO": 1, "#MuslimBanprotest": 1, "#SuperBowlXLVIII": 1, "#HENRIETTALACKS": 1, "#citycampoak": 1, "#MaytheFourth": 1, "#CarrieFisher": 1, "#Ma": 1, "#WHDemoDay": 5, "#ErieCanal": 2, "#WITW": 1, "#Engineering": 1, "#Women": 1, "#space": 1, "#Astronaut": 1, "#IWD": 1, "#GoldenGlobes": 1, "#WomeninSTEM": 1, "#SXSW2018": 1, "#STL": 2, "#sisepuede": 1, "#fair": 1, "#marchforscience": 1, "#Am": 1, "#FridayFacts": 1, "#pride": 1, "#Founder": 1, "#ComputerScience": 1, "#F": 1, "#RethinkHighSchool": 3, "#tech": 7, "#MasaiMaru": 1, "#FIRST": 1, "#TED2015": 1, "#techvisas": 1, "#CTO": 2, "#America": 2, "#CleanSeas": 1, "#womeninSTEM": 1, "#Ada": 1, "#SeeHer": 1, "#GCFest": 1, "#July4": 1, "#InnovationNation": 1, "#Su": 1, "#WIT": 1, "#SomosUnaVoz": 1, "#GHC": 2, "#AmazingGrace": 1, "#RosalindFranklin": 1, "#Software": 1, "#inclusive": 1, "#civicservice": 1, "#44": 1, "#Chattanooga": 1, "#USOW2018": 1, "#GreenBay": 2, "#MalamaPono": 1, "#WWV": 1, "#HokuleaWWV": 1, "#HINews": 1, "#SpaceApps": 1, "#hackathon": 1, "#PDX": 1, "#speedskating": 1, "#banbossy": 1, "#hourofcode": 1, "#nochildleftoffline": 1, "#3bi": 1, "#NativeNationsRise": 2, "#WaterIsLife": 1, "#capitalhack": 1, "#BUILTBYGIRLS": 1, "#MondayMotivation": 1, "#Oscar": 1, "#AllAnalytics": 1, "#AnalyticsX": 2, "#HourOfCode": 2, "#ClimateChan": 1, "#Kentucky": 1, "#code": 1, "#ScienceMarch": 2, "#innovation": 2, "#discovery": 1, "#wonder": 1, "#inclusion": 2, "#steam": 2, "#Americaishiring": 1, "#ObamaFarewell": 1, "#sagawards": 2, "#NoBanNoWall": 1, "#DayofTheGirl": 1, "#tears": 1, "#MIT2017": 1, "#aroundMIT": 1, "#DoWhatYouCant": 1, "#USCgrad": 1, "#MLK50": 1, "#Equality": 1, "#30Under30": 1, "#waywire": 1, "#Columbus": 2, "#ROTR6": 1, "#startups": 2, "#RiseOfRes": 1, "#TransDayofRemembrance": 1, "#RiseUp": 1, "#NonViolence": 1, "#ChildrensBooks": 1, "#books": 1, "#AsIsInterapt": 1, "#HokuleaHomecoming": 1, "#ChangeTheWorld": 1, "#RadicalCandor": 1, "#FathersDay": 1, "#entrepreneur": 1, "#FortuneMPW": 2, "#Oakland": 2, "#a11y": 1, "#MagicSchoolBus": 1, "#GalaxyofWomen": 2, "#history": 1, "#WomenofNASA": 1, "#WomensEqualityDay": 3, "#Indiana": 1, "#risofrest": 1, "#IND": 1, "#fortuneMPW": 1, "#Annedroids": 1, "#FIRSTChamp": 1, "#omgrobots": 1, "#thanksfo": 1, "#findthesentiments": 1, "#edtech": 1, "#MOOC": 1, "#DataScientist": 1, "#OpenData": 1, "#PMI": 1, "#sunrise": 1, "#BlueMonday": 1, "#ML4H": 1, "#NIPS2017": 1, "#UK": 1, "#womeninscience": 1, "#MyDad": 1, "#SOTU": 1, "#m": 1, "#DC": 1, "#morethanrobots": 1, "#IDG2013": 1, "#malamahonua": 1, "#palindromeweek": 1, "#BlackPanther": 1, "#madewithcode": 1, "#mitai": 1, "#techinclusion": 1, "#techjobs": 1, "#diversity": 1, "#bham": 1, "#birmingham": 1, "#birmingha": 1, "#techmums": 1, "#BringBackTheBus": 1, "#TC17": 1, "#Dreamers": 3, "#InnovationEconomy": 1, "#Ny11232": 1, "#rodhamrye": 1, "#codeconf": 1, "#NoBan": 1, "#Sundance": 1, "#indeed": 1, "#ga": 1, "#ReactJS": 1, "#SDGLive": 2, "#takeaction": 1, "#NationalSTEMDay": 1, "#MustHave": 1, "#HD13": 1, "#Maori": 1, "#MKE": 1, "#NationalMentoringMonth": 1, "#Ent4All": 1, "#Automation": 1, "#ethics": 1, "#FirstPrinciples": 1, "#PlutoFlyby": 2, "#accountability": 1, "#transparency": 1, "#InspireBlog": 1, "#Mentorship": 1, "#Startups": 1, "#resou": 1, "#ABIEWinner": 1, "#ABIEaward": 1, "#womentechmakers": 1, "#youth": 1, "#AdaLovelaceDay2017": 1, "#TakeAction": 1, "#Thur": 1, "#iammalala": 1, "#MoonshotMeetUp": 1, "#hangoutonair": 1, "#flight2Den": 1, "#AdayTechnologies": 1, "#Womens": 1, "#DefianceML": 1, "#hero": 1, "#AlicePaul": 1, "#Dayofth": 1, "#ChangeTheRatio": 1, "#SiliconValley": 1, "#RiseOfR": 1, "#Crisis": 1, "#ACMTuringAward": 1, "#HR": 1, "#DiversityinTech": 1, "#Entrepreneurship": 1, "#SDG": 1, "#AAASmtg": 1, "#science": 1, "#technology": 2, "#InclusiveFuture": 1, "#myfabtechjob": 1, "#loveislove": 1, "#Pride2017": 1, "#ThirdWave": 1, "#Gulf": 1, "#malalafun": 1, "#Jeopardy": 1, "#welcome": 1, "#datadrivenjustice": 1, "#TechJobsTour": 1, "#SanFrancisco": 1, "#MakerCamp": 1, "#G": 1, "#100Women": 1, "#MLKDay": 1, "#WHScienceFair": 1, "#Revolar": 1, "#indiegogo": 1, "#galaxyofwom": 1, "#TechLeavers": 1, "#oscars2017": 1, "#GoNancyGo": 1, "#Heroic": 1, "#Ricardo": 1, "#enough": 1, "#Youth": 1, "#DataScience": 1, "#riseofrest": 1, "#startupcbus": 1, "#GHC16": 1, "#OnThisDay": 1, "#education": 1, "#NCW": 1, "#ocean": 1, "#Mars": 1, "#Bicycle": 1, "#History": 1, "#broadenparticipation": 1, "#AMA": 1, "#Syria": 1, "#HappyBirthdayKatherineJohnson": 1, "#WomenInSTEM": 1, "#Makers2014": 1, "#PCAST": 1, "#SD": 1, "#NextGreatDiscovery": 1, "#Apollo11": 1, "#CreativeArtistsAgency": 1, "#WhiteHouse": 1, "#1": 1, "#RiseofRest": 1}, "@chrissyteigen": {"#ThankYouNoteFriday": 1, "#FallonTonight": 3, "#ALegendaryChristmas": 3, "#MuteRKelly": 1, "#happy40": 1, "#Cravings2": 2, "#Cravingsfest": 2, "#LipSyncBattle": 4, "#CRAVINGScookbook": 1, "#LoveTheChange": 1, "#StinkyBootyDuty": 3, "#PampersPartner": 2, "#CravingsHungryForMore": 1, "#KeithSweatAppreciation": 1, "#TWO": 1, "#ProudCreativeConsultant": 1, "#stayhungry": 1, "#angles": 1, "#CHRISSYxTARGET": 4, "#W": 1, "#EGOT": 1, "#CRAVINGS2": 6, "#CRAVINGSFEST": 4, "#BringTheFunny": 1, "#Remem": 1, "#familiesbelongtogether": 1, "#CravingsHungryforMore": 1, "#PCAs": 1, "#metgala": 2, "#ChrissyxRevolve": 2, "#12yearsstrong": 1, "#BECCAXCHRISSY": 1, "#BECCAxChrissy": 2, "#cravingscookbook": 2, "#gooppodcast": 1, "#Cravings": 1, "#CrazyRichAsians": 1, "#FamiliesBelongTogetherMarch": 1, "#alegendarychristmas": 5, "#CRAVINGSCOLLECTION": 1, "#TARGET": 1, "#NOTYOURFIRSTFRY": 1, "#MILEStones": 1, "#PampersPurePartner": 1, "#beccaXchrissy": 2, "#CRAVINGSCOOKBOOK": 1, "#pamperspurepartner": 1, "#ad": 1, "#CravingsCollection": 2, "#ChrissyxTarget": 2, "#cravings2": 3, "#HotOnes": 1, "#CHUBZ": 1, "#hungryformore": 1, "#BECCAxCHRISSY": 3, "#RalphBreaksTheInternet": 1, "#ALegendaryChris": 1, "#grandmasishere": 1, "#grandmasarehere": 1, "#WHCD": 1, "#Preach": 1, "#HungryForMore": 1, "#keepfamiliestogether": 1, "#SuperBowlLIII": 1, "#voteblue": 1, "#blueapronXchrissyteigen": 1, "#realnews": 1, "#sorryNOTsorry": 1, "#FamiliesBelongTogether": 1, "#FreeFamilies": 1, "#SUPER": 1, "#preorderinbio": 1, "#cravingscollection": 3, "#CravingsFest": 2, "#cravi": 1, "#supersmashbros": 1, "#Emmys": 1, "#cravings": 1, "#ididit": 1}, "@kanyewest": {"#1": 4, "#youareenough": 1, "#yourvotecounts": 1, "#bewoke": 1, "#empoweryourself": 1, "#ProducerOfTheYear": 1, "#KKWBODY": 4, "#facts": 1, "#Nighthawk": 1, "#changingameric": 1, "#KUWTK": 2, "#MarchForOurLives": 2, "#youar": 1, "#PERRIERCostume": 1, "#undisputed": 1, "#MBDTF": 1, "#Kanye": 1, "#CampFlogGnaw": 3, "#CDProjektRe": 1, "#wegotlove": 2, "#Famous": 1, "#070": 1, "#YE": 1, "#BLEXIT": 1, "#ye": 1, "#mastersofthesu": 1, "#8yearsofmbdtf": 1, "#NASIR": 1, "#SNLPremiere": 1, "#Undisputed": 1, "#GOODyear": 1, "#Jumanji": 1}}